https://www.instagram.com/p/CFchLF3nlf5/,0
https://www.instagram.com/p/CFYKJlLBJro/,0
https://www.instagram.com/p/CFSKcpkHan6/,0
https://www.instagram.com/p/CFPzcZ5n_A4/,0
https://www.instagram.com/p/CFKOeNOHY0n/,0
https://www.instagram.com/p/CFG0-c3hU04/,0
https://www.instagram.com/p/CFC2YlphCUo/,0
https://www.instagram.com/p/CE5By8aHbN9/,0
https://www.instagram.com/p/CE4Too1H1vk/,0
https://www.instagram.com/p/CEwzA14nXcM/,0
https://www.instagram.com/p/CEuAixgnC-9/,0
https://www.instagram.com/p/CErbu64HnZ1/,0
https://www.instagram.com/p/CEpL1f3HwWn/,2
https://www.instagram.com/p/CEnaiXpnoWR/,0
https://www.instagram.com/p/CEnRT_MnNOa/,0
https://www.instagram.com/p/CEm4L5gn1Bf/,0
https://www.instagram.com/p/CEmSMHwHeIj/,0
https://www.instagram.com/p/CEkG6fVHgvw/,0
https://www.instagram.com/p/CEjtY9KH9bg/,0
https://www.instagram.com/p/CEiU-mIH7ds/,0
https://www.instagram.com/p/CEhIkw2H8hN/,0
https://www.instagram.com/p/CEejzZdn5vK/,0
https://www.instagram.com/p/CEc4BsuHM0s/,0
https://www.instagram.com/p/CEb_IJenL08/,0
https://www.instagram.com/p/CEazcOxHebk/,0
https://www.instagram.com/p/CEav2jYB12H/,0
https://www.instagram.com/p/CEaiCfPHDjD/,0
https://www.instagram.com/p/CEZZR-3nd0m/,0
https://www.instagram.com/p/CEYmtQInzo9/,4
https://www.instagram.com/p/CEW2GLCnFNw/,0
https://www.instagram.com/p/CEUsAUcHhvT/,0
https://www.instagram.com/p/CEUXZbNnhop/,0
https://www.instagram.com/p/CESGkl6H_AB/,2
https://www.instagram.com/p/CERnKaFHqdV/,0
https://www.instagram.com/p/CEHsqfDHqLN/,0
https://www.instagram.com/p/CEHYoERHpwn/,0
https://www.instagram.com/p/CEGLE6VHPhK/,0
https://www.instagram.com/p/CEFW9DonR31/,0
https://www.instagram.com/p/CEEweSxnNen/,0
https://www.instagram.com/p/CEC-RoXHwoT/,0
https://www.instagram.com/p/CEAearOnyQJ/,0
https://www.instagram.com/p/CD-jvjJnOPE/,0
https://www.instagram.com/p/CD9YXPKnI3J/,0
https://www.instagram.com/p/CD8LmVHnl10/,0
https://www.instagram.com/p/CD7ACV9H2Zy/,0
https://www.instagram.com/p/CD3_TrdHi3-/,0
https://www.instagram.com/p/CD3u03Lnu_P/,0
https://www.instagram.com/p/CD2YDBRHbUe/,0
https://www.instagram.com/p/CD1W6SDn0wh/,0
https://www.instagram.com/p/CDz10mzHxfV/,0
https://www.instagram.com/p/CDzHDKVnM6F/,0
https://www.instagram.com/p/CDxRlGqnJeT/,0
https://www.instagram.com/p/CDrLgoxHI0F/,0
https://www.instagram.com/p/CDknT3SHug2/,14
https://www.instagram.com/p/CDjdTOVD-29/,0
https://www.instagram.com/p/CDgwqMUHiJ5/,0
https://www.instagram.com/p/CDe76l6nej8/,0
https://www.instagram.com/p/CDeqnmLH5wl/,0
https://www.instagram.com/p/CDZgryBnfEG/,0
https://www.instagram.com/p/CDZRkklHofo/,0
https://www.instagram.com/p/CDUUGDwn7si/,0
https://www.instagram.com/p/CDRyPuyH8iX/,0
https://www.instagram.com/p/CDMPE1oH_Z1/,2
https://www.instagram.com/p/CDJ6GFkHuis/,41
https://www.instagram.com/p/CDEz_q-nR96/,0
https://www.instagram.com/p/CDEi0ADHYdF/,2
https://www.instagram.com/p/CDBxYG0nc0T/,2
https://www.instagram.com/p/CC9lqYQnNZI/,0
https://www.instagram.com/p/CC70yz7nlIA/,2
https://www.instagram.com/p/CC6dUGmHEW-/,2
https://www.instagram.com/p/CC5JjxPnOMr/,2
https://www.instagram.com/p/CCwDQLqnhiZ/,2
