pe0gUfP-Xa,594
3wSohtv-SP,447
39YWqDP-QT,356
388_3Nv-Zg,350
39Kq-sv-Um,347
39D1nSP-Xb,346
39RjoXv-Sf,343
yl3Czqv-Rg,275
yV4995P-dN,267
1SOwxpv-SB,237
tW672AP-dK,192
pAsMD-v-Qa,189
usOmYCP-Zn,134
uPCYWhv-cw,133
uPBQD_P-bY,133
uPBi1DP-b2,133
6N8o2lP-S0,131
r5SYKbP-Yt,130
uz0xoYv-cu,128
qxUvkCP-c9,125
uY5XtMv-Sx,122
BMhIV7TAL4Y,106
ns2xSfv-TZ,101
BOXr7TpAVwS,100
mgkeYYP-fR,98
m4G5DyP-aw,96
ppYL6iv-RR,93
paNDNWP-VD,92
rF1ndZP-Tj,89
5WYCl7P-T6,88
toIKipv-ah,87
5fRc5mP-YB,87
q2PhvqP-f_,74
BKs0d6kgnUq,69
rvUlvvv-YS,65
bXk3iUP-db,62
oj4Oyvv-dG,58
B-i0HZ7HaFw,57
B9UmNAXHGRZ,55
qNTN4rv-UU,54
pW6YLTP-ak,54
lyUNcJP-Ue,53
ph2IYzP-aG,52
mjfE-nv-Rv,52
CCY--xeH4j7,52
Bt5gRBDHNZl,52
18FJWgP-f1,52
nZHHCvP-UP,51
13a_KXv-cB,51
nWfXenP-f_,50
nTbTKZP-VT,50
BAJBh4Qv-SL,50
1-dEa8P-Sk,50
qsC4YhP-dH,49
6YAC2lv-SF,49
jqS3qTP-aY,48
nq-JfeP-XZ,47
sTC39bv-f2,46
9UkYTjP-fM,45
6eG2cVP-cW,44
6eFZYWv-Z-,44
6mTLCEP-ac,43
5Q6ySlv-VY,43
CDJ6GFkHuis,42
BMIzQ8TgsZH,41
B_5H9jPH3sA,41
qntBpwv-Zt,39
r-PhTPP-Sw,38
CEYmtQInzo9,38
B9Vuje3nc06,38
r5TGaHv-Z6,37
qP34WBP-bx,37
Bylq5qjHUwj,35
r_FI_Rv-Yc,32
CC5JjxPnOMr,30
08GRCTP-f_,30
sxCLtRv-Tw,28
CACncuZnsCo,28
7SCy_4P-Tp,28
pAgHsUv-RO,26
BK1WdSKAJ5p,26
B_dVV8vH00M,26
r3Ik5gv-fI,25
nvxD8eP-SZ,25
BK29U8vAYJa,25
m_rvtUv-fZ,24
CDknT3SHug2,24
B_y1HX9HVRa,22
BOTAeOMgmjs,22
BMKy-fMA39o,22
B-5dIJRHD_E,22
7UrNc0P-Zz,21
p_5lqev-eg,20
CCbIbvYHvY2,20
CABZOcHHK43,20
BRKFDlfjufJ,20
BJ5usssAGFC,20
oL1PoYP-ew,19
B_JvoAgnG4k,19
BJ3mv_CA1e0,19
B8lRyG2Hzl4,19
CBhak2anSRn,18
B_d-bQqHaqM,18
B9i2lLVHioD,17
osUWjZP-eD,16
B97iBvnHUSI,16
5oBmwNP-Vx,16
4sReWkP-eH,16
rHl87iP-WK,15
r3Pq1oP-aP,15
CFG0-c3hU04,15
B9gvRTNnP2H,15
ppJb83v-co,14
B-VRch7nn2y,14
BLhevmWgELj,14
h4QWOmv-Xw,13
BMdS5WcA6Pg,13
BLaV3V3Ay99,13
yl2vLTv-RF,12
pW7RSVv-cR,12
ndwCpGP-VX,12
jGGCnXP-aP,12
CDEi0ADHYdF,12
CAMcMCHHPKC,12
BNfPJ9tAOsH,12
x7_bH3P-RG,11
rDclI4P-VO,11
qRyy9bv-bI,11
CALKFdSnDQI,11
wWPWg7v-Vy,10
w5zJ2Hv-YZ,10
twK8WVP-ey,10
sGfkTCP-dE,10
heXfe2P-dZ,10
CAdxJ1tH8zx,10
Byz6pB5HAiQ,10
2SVPaPP-fo,10
rQ1fY0v-Qc,9
p7JfE9v-c1,9
oOMbKxP-Te,9
ol95_sv-a0,9
nrjlPdv-Th,9
noIAqdP-cg,9
CEUXZbNnhop,9
BRJ5D8tjniY,9
BL5Yq02gzeS,9
BFpDIC2v-bF,9
B873QzrHIoC,9
807ZPRP-QI,9
rz2Ptsv-cg,8
rYFcx1P-Ts,8
oiqnJXv-Wz,8
nmGGXoP-W7,8
n8oyPLv-U_,8
j3EYCLP-TW,8
CAtTxPNnDZJ,8
CACHfHxHcKF,8
CA7HP4vn_hc,8
4iSWSVP-VO,8
u9SVGtv-R0,7
rQLprWP-Zs,7
pt7NkVP-Y5,7
nbbsY2P-Vx,7
kYntoPP-Z5,7
iNlATqP-U1,7
CD3_TrdHi3-,7
B_vXX5aHJqT,7
B_v_0n6HP6f,7
BiJPmVNlGrt,7
vhnuhWP-Ut,6
rJa_QMP-Qp,6
ol-15zP-cQ,6
BtvUc-fnBKq,6
BskT6ZdHyGe,6
B-n9pYxHg0K,6
BH3epSPgY3X,6
B_7wW08HeWL,6
1XaETkv-bg,6
1KoQ82v-Qj,6
zXiwtbP-S7,5
uzL3VnP-Sh,5
rsRvTMv-dz,5
rP0xaEv-bS,5
rnrOF6P-U2,5
qDywtpP-SD,5
njAYMZv-dd,5
nB2LEgv-eP,5
gX8zN8v-R2,5
CDgwqMUHiJ5,5
ByArO74Hjji,5
BQQZCq2Ahz9,5
BQQgVoHg9fk,5
BQMb2LCAURu,5
B_Le8z6nyYy,5
BGM9MZxP-W4,5
B8p4vA9H00n,5
9huQqGv-SX,5
8EWBOlv-as,5
2HAnlsv-WH,5
zWOFG0v-et,4
zWOdbeP-fS,4
zWJf3sv-Xg,4
sIlXKWP-XG,4
rnlwwWP-cc,4
qFbWqwv-fW,4
ms_oOmv-Yl,4
-lGC6yP-aa,4
-KJ8ajP-cy,4
CEEweSxnNen,4
CEazcOxHebk,4
CEav2jYB12H,4
CATbzU7HEet,4
CAGgoqpnEKV,4
BwN9xjRn593,4
BuuRhVFnJF9,4
BPh5v6Eg8Zy,4
BMsQDEogixV,4
BCs7zIcP-Qd,4
BCeu6QCP-di,4
B9NJTAGnWUH,4
B9cwKdsnLkR,4
B5crrUdH-cu,4
rnpb85v-SO,3
qIK4CXv-X9,3
ph22CnP-bV,3
ngSUJav-X9,3
mRg8lDv-dU,3
lv_rUeP-RV,3
lJG7ilP-YR,3
jP2JA1v-V1,3
i5up98P-RX,3
hjs9JcP-WP,3
gTFtdpv-Wn,3
dX7rkoP-ao,3
dFq8Ijv-Up,3
cUnGwCv-YZ,3
ciIw2Rv-ZE,3
BX5OunjFJif,3
BwRRHmQntQH,3
BTKc6aUD1ql,3
BTIQWZ6D4Kf,3
BTakOqsjQYP,3
BSt17v6jXqz,3
BrycEBaH86Y,3
BiH7j0QliKl,3
BI8Bs8Kgr_g,3
BAqlCrSv-fn,3
B8MJc0xn7yH,3
B85oq4MHFa2,3
B5i9MjbHORp,3
B4DJIakHouB,3
B1enEMMngj-,3
B_0uaKpHUKj,3
9Wl_n4P-cJ,3
5MCNihP-Xg,3
13Z7MhP-Zn,3
0WO1HlP-RV,3
vsZ28QP-ei,2
vp65oqP-QH,2
rnpRW9P-R6,2
rnpl9tP-Sh,2
rglz-yv-dv,2
qsTkpzv-a1,2
qIM8R_P-bm,2
qhWz5JP-ap,2
p8ALWmv-Y9,2
oQ9VXVP-a5,2
oluOnxv-Sc,2
n01XZjv-fp,2
mVwxG7v-cn,2
jCSD29P-fL,2
ieluJhv-V7,2
hybxP0P-Xb,2
CFPzcZ5n_A4,2
CEUsAUcHhvT,2
CEFW9DonR31,2
CCOsLAYnKTS,2
CBui50xnqb8,2
CBmL4sunOac,2
CBJJ4rvHeNF,2
CATvjO5HMNU,2
CAsyYxnHVtx,2
BxLT1jSnYmF,2
BVDbxspjmA1,2
BUYd-T8jLsv,2
BUVSwdnju0Y,2
BTxDygwDVxx,2
BTKsgc7j5El,2
BSfsrHujog7,2
BS43pC7D9Wb,2
Bo7eUS7n5Px,2
BMLXsbFg81q,2
BmGpSm8F7bF,2
Bl9ijoqFCO0,2
BjLZbpeFwCM,2
BItM2KLACfN,2
BEPqSh4P-ax,2
BAvFOZSP-aU,2
B9oNvhDnNwB,2
B7QUT49H34D,2
B5lS9iOnzeh,2
B4TeL-AHfHE,2
B4oWSF4Hm3g,2
B3F2DT5H4Q8,2
B3bJ_LtHG1n,2
B1al4-HHfS1,2
B03z9XSnm77,2
8EhA0kv-cq,2
5Wa8uzv-X6,2
5sZHDOP-SU,2
5lWQk_v-RN,2
5lqfG0P-RO,2
2JeIWQv-fK,2
0a_H3DP-Vi,2
zkIyVCv-WG,1
ypYrxwP-RI,1
yL21q-P-R7,1
xSvsN1v-Rl,1
xPi8-dP-WN,1
xgUG_Cv-WQ,1
x5P4drP-dw,1
ri3qfwv-VS,1
r7mOMBP-XP,1
r5OAynP-RM,1
qfQxWEP-Qt,1
qE2muBv-Xd,1
qDBqoRv-Xw,1
q12pw2v-Tg,1
pcbsG_v-ex,1
pAtmNTv-Rx,1
oTwWrJP-Z1,1
ogVv_Gv-fJ,1
nN6-T7v-dW,1
nCEX7zv-Xk,1
n1yu8Uv-ZE,1
mVdqPzv-RA,1
mEA74Pv-bl,1
m86ktXP-fP,1
-kAFjRP-dS,1
k3L5xIv-UP,1
iUnzovP-eI,1
-ihAJov-RX,1
exz9DlP-QS,1
d7_6Fpv-dX,1
CFKOeNOHY0n,1
CFchLF3nlf5,1
CEuAixgnC-9,1
CEhIkw2H8hN,1
CDjdTOVD-29,1
CC70yz7nlIA,1
CBvkgUoHGRv,1
CBdnRFjn7Ak,1
CAYH-vRHGsH,1
CALCugQH1yC,1
CAbFm9wHAvm,1
BzSC-sqHFH3,1
BzLpR1ynHla,1
BYz5piZDEyp,1
BYZ2P6cF6RR,1
ByX--7KnKho,1
BxqxMsDHunU,1
Bxqas5Hn3JX,1
BXGlKVplzbK,1
_bWonDP-UJ,1
Bvwt0cQHdb7,1
BVw8B36lVbk,1
BVvfPDplODu,1
BUANy0yDF6E,1
BTXOjlqDt9O,1
Btutet2H5Ig,1
BTSS1tjjzL8,1
Btnxsq0n3zh,1
BTk3cvxDjER,1
BSm1-xnDi3B,1
BSfsRXjD-H0,1
BRW1at6jAvq,1
BRSTEmNjrLK,1
BRSM0AVD834,1
BRHahSwhSVB,1
BRCeUk6jsWa,1
BQQURSuglZn,1
BQOmXkNgRI3,1
BQOCHFmAW50,1
BqaTjoTny88,1
BQ0RDYBDnK_,1
BPlA_mBA_Ub,1
Bp25J-GnjYK,1
BoH4DtrngAK,1
BOganU1gjuF,1
BnnKIGlF6ir,1
BMAj-MYApTv,1
BHxkgNpA6o_,1
BhlMMoXF9QK,1
BGX-HNZP-ar,1
BfscJ5pFcRH,1
BeXchJzFkhJ,1
BEUo7yHP-aE,1
B-DOg3yHe67,1
BcEoRbzlzoV,1
BCbeQzEv-aP,1
Bc6JK-YlrFa,1
Bc5X7cqll3V,1
Bc5spM7l_Ke,1
Bc5l6Pdl4KN,1
Bc5fP_KleiK,1
BB-xDOKv-Xy,1
B-bAtu8HEmQ,1
BAX7O2-v-Yb,1
B8Fxvb2nuKQ,1
B6zvkk_HsRx,1
B6xJTUaHUwm,1
B6FshqJnJTM,1
B6bc_JqnZIN,1
B5rsmiTn1l7,1
B3rvx9unkPG,1
B3mlbK7HosZ,1
B1ovhchnAmA,1
B07dk0OnnzE,1
B03mLWCHbfL,1
B01_L3THQnl,1
aisdhev-R_,1
-a4RjBP-SZ,1
9YK3LHv-Qv,1
9S6xQ2P-aX,1
9NgROHP-RA,1
9J_VhcP-Xq,1
9J_9KWP-Yy,1
9J8QgMP-SU,1
9J7Xr9P-Qj,1
9J775zv-Rr,1
9J6JgvP-eB,1
9h0NL3P-Qy,1
8MRST5P-Wt,1
8mbpFSv-Uj,1
8GwM-hP-ce,1
8Coy3ZP-aK,1
7ZHaZcP-Vn,1
7pCBaZP-YE,1
7DOZSgP-X9,1
6mOeOOP-VW,1
6Eq8kQv-ZN,1
_5iOEFv-cS,1
5fQtMNv-We,1
2JeERGP-e9,1
2Jd60mP-el,1
1Xlfzpv-aX,1
0VjGMwP-TS,1
0T4aFfv-Yq,1
0Jce3HP-el,1
0gjdtgv-dt,1
