pe0gUfP-Xa,771
3wSohtv-SP,497
39YWqDP-QT,412
yl3Czqv-Rg,399
388_3Nv-Zg,399
uz0xoYv-cu,394
tW672AP-dK,393
39D1nSP-Xb,393
pAsMD-v-Qa,383
yV4995P-dN,379
39Kq-sv-Um,377
39RjoXv-Sf,372
uPBi1DP-b2,277
uPBQD_P-bY,276
uPCYWhv-cw,274
1SOwxpv-SB,269
qxUvkCP-c9,260
usOmYCP-Zn,249
uY5XtMv-Sx,226
r5SYKbP-Yt,213
BMhIV7TAL4Y,212
m4G5DyP-aw,206
ns2xSfv-TZ,201
mgkeYYP-fR,199
ppYL6iv-RR,193
toIKipv-ah,174
paNDNWP-VD,171
rF1ndZP-Tj,151
BAJBh4Qv-SL,150
rvUlvvv-YS,148
q2PhvqP-f_,144
qNTN4rv-UU,138
BKs0d6kgnUq,136
6N8o2lP-S0,133
oj4Oyvv-dG,123
ph2IYzP-aG,112
pW6YLTP-ak,111
lyUNcJP-Ue,107
bXk3iUP-db,106
mjfE-nv-Rv,104
BOXr7TpAVwS,101
18FJWgP-f1,100
1-dEa8P-Sk,98
13a_KXv-cB,98
qsC4YhP-dH,97
sTC39bv-f2,94
nq-JfeP-XZ,90
9UkYTjP-fM,90
5WYCl7P-T6,90
5fRc5mP-YB,88
heXfe2P-dZ,87
r-PhTPP-Sw,83
BMIzQ8TgsZH,83
qntBpwv-Zt,77
r5TGaHv-Z6,76
p_5lqev-eg,71
08GRCTP-f_,71
twK8WVP-ey,69
m_rvtUv-fZ,69
r_FI_Rv-Yc,67
B-i0HZ7HaFw,64
Bt5gRBDHNZl,62
nZHHCvP-UP,58
nWfXenP-f_,58
7SCy_4P-Tp,58
nTbTKZP-VT,57
qP34WBP-bx,56
osUWjZP-eD,56
jqS3qTP-aY,56
CCY--xeH4j7,56
B9UmNAXHGRZ,55
pAgHsUv-RO,53
6YAC2lv-SF,53
r3Ik5gv-fI,52
nvxD8eP-SZ,51
BK1WdSKAJ5p,51
BK29U8vAYJa,49
BSuewASD20l,48
CDJ6GFkHuis,47
qRyy9bv-bI,46
ndwCpGP-VX,46
CEYmtQInzo9,45
B_5H9jPH3sA,45
6eG2cVP-cW,45
6eFZYWv-Z-,45
oL1PoYP-ew,44
BOTAeOMgmjs,44
7UrNc0P-Zz,44
BJ5usssAGFC,43
BJ3mv_CA1e0,43
6mTLCEP-ac,43
5Q6ySlv-VY,43
rDclI4P-VO,40
CC5JjxPnOMr,40
B9Vuje3nc06,40
BMKy-fMA39o,38
rHl87iP-WK,37
Bylq5qjHUwj,37
n8oyPLv-U_,36
r3Pq1oP-aP,35
BTDJ-gkD2HC,35
w5zJ2Hv-YZ,34
ppJb83v-co,34
CACncuZnsCo,34
yl2vLTv-RF,33
sxCLtRv-Tw,33
5oBmwNP-Vx,32
nrjlPdv-Th,30
BRKFDlfjufJ,30
pW7RSVv-cR,28
B_dVV8vH00M,27
CDknT3SHug2,25
2SVPaPP-fo,25
wWPWg7v-Vy,24
oiqnJXv-Wz,24
B_y1HX9HVRa,24
u9SVGtv-R0,23
CABZOcHHK43,23
B8lRyG2Hzl4,23
B-5dIJRHD_E,23
rYFcx1P-Ts,22
p7JfE9v-c1,22
jGGCnXP-aP,22
h4QWOmv-Xw,21
CCbIbvYHvY2,21
BRJ5D8tjniY,21
BMAj-MYApTv,21
qDywtpP-SD,20
noIAqdP-cg,20
B_d-bQqHaqM,20
uOfbnsP-aA,19
oOMbKxP-Te,19
CBhak2anSRn,19
B_JvoAgnG4k,19
B9i2lLVHioD,19
4sReWkP-eH,19
sGfkTCP-dE,18
kYntoPP-Z5,18
rnrOF6P-U2,17
qFbWqwv-fW,17
pt7NkVP-Y5,17
ol95_sv-a0,17
BLaV3V3Ay99,17
BB-xDOKv-Xy,17
B97iBvnHUSI,17
4iSWSVP-VO,17
rz2Ptsv-cg,16
rQLprWP-Zs,16
CFG0-c3hU04,16
BQMb2LCAURu,16
BFpDIC2v-bF,16
B9gvRTNnP2H,16
rQ1fY0v-Qc,15
nB2LEgv-eP,15
CDEi0ADHYdF,15
BMdS5WcA6Pg,15
rsRvTMv-dz,14
rnlwwWP-cc,14
nmGGXoP-W7,14
CALKFdSnDQI,14
B-VRch7nn2y,14
BLhevmWgELj,14
1XaETkv-bg,14
qIK4CXv-X9,13
ol-15zP-cQ,13
mRg8lDv-dU,13
CEUXZbNnhop,13
CAMcMCHHPKC,13
9YK3LHv-Qv,13
uzL3VnP-Sh,12
sIlXKWP-XG,12
nbbsY2P-Vx,12
CAGgoqpnEKV,12
BNfPJ9tAOsH,12
BH3epSPgY3X,12
9huQqGv-SX,12
807ZPRP-QI,12
1KoQ82v-Qj,12
x7_bH3P-RG,11
vhnuhWP-Ut,11
rJa_QMP-Qp,11
j3EYCLP-TW,11
CAdxJ1tH8zx,11
Byz6pB5HAiQ,11
BH4ie-dAF-C,11
8EWBOlv-as,11
vp65oqP-QH,10
qIM8R_P-bm,10
BPh5v6Eg8Zy,10
BiJPmVNlGrt,10
2HAnlsv-WH,10
zXiwtbP-S7,9
qDBqoRv-Xw,9
oluOnxv-Sc,9
njAYMZv-dd,9
m86ktXP-fP,9
iNlATqP-U1,9
CACHfHxHcKF,9
BwN9xjRn593,9
BMsQDEogixV,9
BL5Yq02gzeS,9
BGM9MZxP-W4,9
BFICDzhP-Xx,9
BEPqSh4P-ax,9
BCeu6QCP-di,9
B873QzrHIoC,9
rP0xaEv-bS,8
ph22CnP-bV,8
oTwWrJP-Z1,8
hjs9JcP-WP,8
gX8zN8v-R2,8
CAtTxPNnDZJ,8
CA7HP4vn_hc,8
B_vXX5aHJqT,8
5MCNihP-Xg,8
0WO1HlP-RV,8
zWOFG0v-et,7
zWOdbeP-fS,7
zWJf3sv-Xg,7
rglz-yv-dv,7
qsTkpzv-a1,7
ms_oOmv-Yl,7
-lGC6yP-aa,7
-KJ8ajP-cy,7
hybxP0P-Xb,7
CEazcOxHebk,7
CD3_TrdHi3-,7
B_v_0n6HP6f,7
BSt17v6jXqz,7
BQQZCq2Ahz9,7
BQQgVoHg9fk,7
BMLXsbFg81q,7
BAqlCrSv-fn,7
9YLmtVP-SB,7
5Wa8uzv-X6,7
uBiF6aP-Yf,6
rnpb85v-SO,6
cUnGwCv-YZ,6
CEUsAUcHhvT,6
CEav2jYB12H,6
CDgwqMUHiJ5,6
BwRRHmQntQH,6
BtvUc-fnBKq,6
BTKsgc7j5El,6
BTIQWZ6D4Kf,6
BskT6ZdHyGe,6
BQ0qPHzjMza,6
B-n9pYxHg0K,6
BiH7j0QliKl,6
BI8Bs8Kgr_g,6
BF3iK9qv-UI,6
BF38r_0P-R2,6
BCs7zIcP-Qd,6
B8p4vA9H00n,6
B_7wW08HeWL,6
8Coy3ZP-aK,6
13Z7MhP-Zn,6
yL21q-P-R7,5
rnpRW9P-R6,5
rnpl9tP-Sh,5
qhWz5JP-ap,5
ngSUJav-X9,5
dX7rkoP-ao,5
ByArO74Hjji,5
BUVSwdnju0Y,5
B_Le8z6nyYy,5
BFkT4uIv-Zo,5
B9cwKdsnLkR,5
B5i9MjbHORp,5
zkIyVCv-WG,4
xPi8-dP-WN,4
lv_rUeP-RV,4
lJG7ilP-YR,4
ieluJhv-V7,4
gTFtdpv-Wn,4
dFq8Ijv-Up,4
ciIw2Rv-ZE,4
CEEweSxnNen,4
CATbzU7HEet,4
BVDbxspjmA1,4
BUYd-T8jLsv,4
BuuRhVFnJF9,4
BTKc6aUD1ql,4
BTakOqsjQYP,4
BSfsrHujog7,4
BFCYuW0v-Q7,4
BEUo7yHP-aE,4
BAvFOZSP-aU,4
B9NJTAGnWUH,4
B5lS9iOnzeh,4
B5crrUdH-cu,4
B4DJIakHouB,4
B1enEMMngj-,4
8EhA0kv-cq,4
7ZHaZcP-Vn,4
7ebQguv-fJ,4
6JMaToP-Va,4
5sZHDOP-SU,4
5lWQk_v-RN,4
5lqfG0P-RO,4
2JeIWQv-fK,4
x5P4drP-dw,3
v5Q1DpP-fW,3
uG9kdxP-R2,3
tJmfTYv-fx,3
ri3qfwv-VS,3
mVwxG7v-cn,3
jP2JA1v-V1,3
i5up98P-RX,3
CBui50xnqb8,3
CBmL4sunOac,3
CBJJ4rvHeNF,3
BYz5piZDEyp,3
BX5OunjFJif,3
Btutet2H5Ig,3
BS43pC7D9Wb,3
BrycEBaH86Y,3
BRBxdyKj6s0,3
BQQURSuglZn,3
BQOmXkNgRI3,3
BQOCHFmAW50,3
BPHh9nMgo5e,3
BOganU1gjuF,3
BMkJVvqgiW9,3
BIapGCag5rs,3
BHxkgNpA6o_,3
BE-EUlqv-ZS,3
B8MJc0xn7yH,3
B85oq4MHFa2,3
B4oWSF4Hm3g,3
B_0uaKpHUKj,3
9Wl_n4P-cJ,3
6mOeOOP-VW,3
6Eq8kQv-ZN,3
0T4aFfv-Yq,3
0gjdtgv-dt,3
0a_H3DP-Vi,3
ypYrxwP-RI,2
xSvsN1v-Rl,2
xgUG_Cv-WQ,2
vsZ28QP-ei,2
ttI7ohP-T6,2
tB5uaOP-Su,2
sWM4O1v-TE,2
r7mOMBP-XP,2
q12pw2v-Tg,2
pAtmNTv-Rx,2
p8ALWmv-Y9,2
oQ9VXVP-a5,2
ogVv_Gv-fJ,2
nN6-T7v-dW,2
nCEX7zv-Xk,2
n1yu8Uv-ZE,2
n01XZjv-fp,2
mVdqPzv-RA,2
-Mtycev-fA,2
mEA74Pv-bl,2
-kAFjRP-dS,2
jCSD29P-fL,2
-ihAJov-RX,2
exz9DlP-QS,2
CFPzcZ5n_A4,2
CEFW9DonR31,2
CCOsLAYnKTS,2
CATvjO5HMNU,2
CAsyYxnHVtx,2
BxqxMsDHunU,2
BxLT1jSnYmF,2
BXGlKVplzbK,2
BVw8B36lVbk,2
BVvfPDplODu,2
BTxDygwDVxx,2
BTk3cvxDjER,2
BSXFMH8D3Yf,2
BRW1at6jAvq,2
BRSTEmNjrLK,2
BRSM0AVD834,2
BRHahSwhSVB,2
BR3gZ2bjWy0,2
Bo7eUS7n5Px,2
BmGpSm8F7bF,2
Bl9ijoqFCO0,2
BjLZbpeFwCM,2
BItM2KLACfN,2
BhlMMoXF9QK,2
BGX-HNZP-ar,2
BCgoZztP-W4,2
BcEoRbzlzoV,2
Bc6JK-YlrFa,2
BAX7O2-v-Yb,2
BAOQkzJP-aD,2
B9oNvhDnNwB,2
B7QUT49H34D,2
B6xJTUaHUwm,2
B5rsmiTn1l7,2
B4TeL-AHfHE,2
B3F2DT5H4Q8,2
B3bJ_LtHG1n,2
B1al4-HHfS1,2
B03z9XSnm77,2
aisdhev-R_,2
9S6xQ2P-aX,2
9NgROHP-RA,2
9J_VhcP-Xq,2
9J_9KWP-Yy,2
9J8QgMP-SU,2
9J7Xr9P-Qj,2
9J775zv-Rr,2
9J6JgvP-eB,2
9h0NL3P-Qy,2
9fM1sTv-Zh,2
96xAy0v-cn,2
8MRST5P-Wt,2
8mbpFSv-Uj,2
8GwM-hP-ce,2
7pCBaZP-YE,2
7DOZSgP-X9,2
_5iOEFv-cS,2
5fQtMNv-We,2
4Ln3ZxP-VY,2
2JeERGP-e9,2
2Jd60mP-el,2
1Xlfzpv-aX,2
0VjGMwP-TS,2
0tUmexP-eb,2
0Jce3HP-el,2
z7mGGZv-Xg,1
-wVDoDv-Zq,1
_vJga7v-ba,1
vECvsNP-VZ,1
t631tvP-Tb,1
t4RBkRP-W3,1
sGt5kHP-Y1,1
rSq78_v-SX,1
rQ4w-lP-T9,1
rh7YKiv-cZ,1
r5OAynP-RM,1
qfQxWEP-Qt,1
qE2muBv-Xd,1
pcbsG_v-ex,1
k3L5xIv-UP,1
iUnzovP-eI,1
hSZb40P-aW,1
d7_6Fpv-dX,1
CFKOeNOHY0n,1
CFchLF3nlf5,1
CEuAixgnC-9,1
CEhIkw2H8hN,1
CDjdTOVD-29,1
CC70yz7nlIA,1
CBvkgUoHGRv,1
CBdnRFjn7Ak,1
CAYH-vRHGsH,1
CALCugQH1yC,1
CAbFm9wHAvm,1
BzSC-sqHFH3,1
BzLpR1ynHla,1
BYZ2P6cF6RR,1
ByX--7KnKho,1
Bxqas5Hn3JX,1
_bWonDP-UJ,1
Bvwt0cQHdb7,1
BUQg-_OjGUF,1
BUANy0yDF6E,1
BTXOjlqDt9O,1
BTwvGVtj0Mr,1
BTSS1tjjzL8,1
Btnxsq0n3zh,1
BT8NpK0jdKm,1
BSRl08ujAop,1
BSm1-xnDi3B,1
BSfsRXjD-H0,1
BS2XCERDLKs,1
BRrQuYfDK1w,1
BRCeUk6jsWa,1
BqaTjoTny88,1
BQ0RDYBDnK_,1
BPlA_mBA_Ub,1
Bp25J-GnjYK,1
BoH4DtrngAK,1
BnnKIGlF6ir,1
BKbaCqSAemk,1
BJjGYSEgwpG,1
BJEkKVzAYL-,1
BHwRKz9AiDs,1
BGbJsHTP-Uh,1
BG2v3IIv-ZB,1
BfscJ5pFcRH,1
BeXchJzFkhJ,1
BDxDC4oP-f8,1
B-DOg3yHe67,1
BDbvJT9v-Yt,1
BCbeQzEv-aP,1
Bc5X7cqll3V,1
Bc5spM7l_Ke,1
Bc5l6Pdl4KN,1
Bc5fP_KleiK,1
B-bAtu8HEmQ,1
BAntMpoP-Rk,1
B8Fxvb2nuKQ,1
B6zvkk_HsRx,1
B6FshqJnJTM,1
B6bc_JqnZIN,1
B3rvx9unkPG,1
B3mlbK7HosZ,1
B3K9msMnckV,1
B1ovhchnAmA,1
B07dk0OnnzE,1
B03mLWCHbfL,1
B01_L3THQnl,1
-a4RjBP-SZ,1
9PUJZ3v-YE,1
8HzZl4P-SD,1
8E-QI8v-fs,1
5WVubDP-Qc,1
3aFfgzv-bT,1
2RsT6mP-QH,1
1-m2Cwv-Qx,1
0yEmpDv-Xi,1
0t8afOP-cp,1
,1
